#,"Country,Other",TotalCases,NewCases,TotalDeaths,NewDeaths,TotalRecovered,NewRecovered,ActiveCases,"Serious,Critical",Tot Cases/1M pop,Deaths/1M pop,TotalTests,Tests/ 1M pop,Population,Continent,1 Caseevery X ppl,1 Deathevery X ppl,1 Testevery X ppl
,North America,2979501,"+9,480",164931.0,+883,1302470.0,"+4,703",1512100.0,18778.0,,,,,,North America,,,
,South America,2050436,"+1,218",79584.0,+41,1173699.0,"+1,126",797153.0,12770.0,,,,,,South America,,,
,Europe,2399981,"+11,287",190453.0,+362,1340274.0,"+13,541",869254.0,6065.0,,,,,,Europe,,,
,Asia,2150633,"+32,581",53606.0,+667,1393467.0,"+21,952",703560.0,19202.0,,,,,,Asia,,,
,Africa,363608,+992,9334.0,+17,176215.0,+563,178059.0,899.0,,,,,,Africa,,,
,Oceania,9273,+48,126.0,,8570.0,+21,577.0,1.0,,,,,,Australia/Oceania,,,
,,721,,15.0,,651.0,,55.0,4.0,,,,,,,,,
,World,9954153,"+55,606",498049.0,"+1,970",5395346.0,"+41,906",4060758.0,57719.0,1277.0,63.9,,,,All,,,
1.0,USA,2554906,"+1,950",127691.0,+51,1068934.0,+231,1358281.0,15765.0,7719.0,386.0,31382509.0,94817.0,330981104.0,North America,130.0,2592.0,11.0
2.0,Brazil,1280335,+281,56121.0,+12,697526.0,,526688.0,8318.0,6024.0,264.0,2925935.0,13766.0,212541690.0,South America,166.0,3787.0,73.0
3.0,Russia,627646,"+6,852",8969.0,+188,393352.0,"+9,200",225325.0,2300.0,4301.0,61.0,18707946.0,128195.0,145933938.0,Europe,233.0,16271.0,8.0
4.0,India,518936,"+9,490",15880.0,+191,302945.0,"+7,028",200111.0,8944.0,376.0,12.0,7996707.0,5795.0,1379826344.0,Asia,2659.0,86891.0,173.0
5.0,UK,310250,+890,43514.0,+100,,,,311.0,4570.0,641.0,9067577.0,133578.0,67882162.0,Europe,219.0,1560.0,7.0
6.0,Spain,294985,,28338.0,,,,,617.0,6309.0,606.0,5162909.0,110426.0,46754627.0,Europe,158.0,1650.0,9.0
7.0,Peru,272364,,8939.0,,159806.0,,103619.0,1172.0,8262.0,271.0,1604521.0,48674.0,32964854.0,South America,121.0,3688.0,21.0
8.0,Chile,263360,,5068.0,,223431.0,,34861.0,2086.0,13778.0,265.0,1043330.0,54584.0,19114153.0,South America,73.0,3772.0,18.0
9.0,Italy,239961,,34708.0,,187615.0,,17638.0,105.0,3969.0,574.0,5215922.0,86267.0,60462488.0,Europe,252.0,1742.0,12.0
10.0,Iran,220180,"+2,456",10364.0,+125,180661.0,"+2,809",29155.0,2928.0,2622.0,123.0,1583542.0,18857.0,83977195.0,Asia,381.0,8103.0,53.0
11.0,Mexico,208392,"+5,441",25779.0,+719,120562.0,"+3,700",62051.0,378.0,1617.0,200.0,542120.0,4205.0,128914507.0,North America,619.0,5001.0,238.0
12.0,Pakistan,198883,"+3,138",4035.0,+73,86906.0,"+2,738",107942.0,2729.0,901.0,18.0,1214140.0,5498.0,220814581.0,Asia,1110.0,54725.0,182.0
13.0,Turkey,194511,,5065.0,,167198.0,,22248.0,963.0,2307.0,60.0,3186622.0,37789.0,84326725.0,Asia,434.0,16649.0,26.0
14.0,Germany,194445,+46,9026.0,,177500.0,+400,7919.0,364.0,2321.0,108.0,5412655.0,64605.0,83781327.0,Europe,431.0,9282.0,15.0
15.0,Saudi Arabia,178504,"+3,927",1511.0,+37,122128.0,"+1,657",54865.0,2283.0,5129.0,43.0,1500516.0,43112.0,34805142.0,Asia,195.0,23035.0,23.0
16.0,France,162936,,29778.0,,75649.0,+298,57509.0,634.0,2496.0,456.0,1384633.0,21213.0,65272172.0,Europe,401.0,2192.0,47.0
17.0,Bangladesh,133978,"+3,504",1695.0,+34,54318.0,"+1,185",77965.0,1.0,814.0,10.0,715098.0,4343.0,164667742.0,Asia,1229.0,97149.0,230.0
18.0,South Africa,124590,,2340.0,,64111.0,,58139.0,539.0,2101.0,39.0,1493104.0,25180.0,59297807.0,Africa,476.0,25341.0,40.0
19.0,Canada,102794,,8508.0,,65726.0,,28560.0,2085.0,2724.0,225.0,2598243.0,68850.0,37737992.0,North America,367.0,4436.0,15.0
20.0,Qatar,93663,+879,110.0,+1,77225.0,"+1,153",16328.0,205.0,33358.0,39.0,345691.0,123118.0,2807805.0,Asia,30.0,25526.0,8.0
21.0,Colombia,84442,,2811.0,,34937.0,,46694.0,335.0,1660.0,55.0,688959.0,13542.0,50875544.0,South America,602.0,18099.0,74.0
22.0,Sweden,65137,,5280.0,,,,,171.0,6450.0,523.0,444607.0,44027.0,10098554.0,Europe,155.0,1913.0,23.0
23.0,Egypt,62755,,2620.0,,16737.0,,43398.0,41.0,613.0,26.0,135000.0,1320.0,102299983.0,Africa,1630.0,39046.0,758.0
24.0,Belgium,61209,+103,9732.0,+1,16941.0,+23,34536.0,35.0,5282.0,840.0,1191959.0,102852.0,11589102.0,Europe,189.0,1191.0,10.0
25.0,Belarus,61095,+382,377.0,+4,44126.0,"+1,437",16592.0,89.0,6466.0,40.0,959880.0,101582.0,9449348.0,Europe,155.0,25065.0,10.0
26.0,Argentina,55343,,1192.0,+8,19143.0,+727,35008.0,457.0,1225.0,26.0,329036.0,7281.0,45190471.0,South America,817.0,37911.0,137.0
27.0,Ecuador,53856,,4406.0,,26493.0,,22957.0,288.0,3053.0,250.0,142715.0,8091.0,17638795.0,South America,328.0,4003.0,124.0
28.0,Indonesia,52812,"+1,385",2720.0,+37,21909.0,+576,28183.0,,193.0,10.0,753370.0,2755.0,273484557.0,Asia,5178.0,100546.0,363.0
29.0,Netherlands,50074,+69,6105.0,+2,,,,29.0,2922.0,356.0,577437.0,33700.0,17134521.0,Europe,342.0,2807.0,30.0
30.0,UAE,46973,,310.0,,35469.0,,11194.0,1.0,4750.0,31.0,3136000.0,317130.0,9888695.0,Asia,211.0,31899.0,3.0
31.0,Kuwait,44391,+688,344.0,+3,34586.0,+617,9461.0,155.0,10397.0,81.0,375524.0,87953.0,4269580.0,Asia,96.0,12412.0,11.0
32.0,Iraq,43262,"+2,069",1660.0,+101,19938.0,"+1,079",21664.0,254.0,1076.0,41.0,500723.0,12454.0,40204671.0,Asia,929.0,24220.0,80.0
33.0,Singapore,43246,+291,26.0,,36825.0,,6395.0,1.0,7393.0,4.0,684359.0,116989.0,5849784.0,Asia,135.0,224992.0,9.0
34.0,Ukraine,42065,+948,1110.0,+24,18701.0,+402,22254.0,386.0,962.0,25.0,631966.0,14450.0,43735136.0,Europe,1040.0,39401.0,69.0
35.0,Portugal,41189,+323,1561.0,+6,26864.0,+231,12764.0,67.0,4039.0,153.0,1102066.0,108078.0,10196909.0,Europe,248.0,6532.0,9.0
36.0,Oman,36953,+919,159.0,+6,20363.0,+881,16431.0,113.0,7240.0,31.0,179461.0,35162.0,5103851.0,Asia,138.0,32100.0,28.0
37.0,Philippines,34803,+730,1236.0,+12,9430.0,+248,24137.0,147.0,318.0,11.0,662647.0,6048.0,109559319.0,Asia,3148.0,88640.0,165.0
38.0,Poland,33714,+319,1435.0,+6,19972.0,+754,12307.0,80.0,891.0,38.0,1469962.0,38840.0,37846927.0,Europe,1123.0,26374.0,26.0
39.0,Switzerland,31555,+69,1962.0,,29000.0,,593.0,11.0,3646.0,227.0,555315.0,64170.0,8653873.0,Europe,274.0,4411.0,16.0
40.0,Dominican Republic,30619,+855,718.0,+6,16666.0,+309,13235.0,198.0,2823.0,66.0,142340.0,13123.0,10846472.0,North America,354.0,15107.0,76.0
41.0,Afghanistan,30616,+165,703.0,+20,10674.0,+368,19239.0,19.0,787.0,18.0,70087.0,1801.0,38910996.0,Asia,1271.0,55350.0,555.0
42.0,Panama,29905,,575.0,,15270.0,,14060.0,148.0,6933.0,133.0,117266.0,27185.0,4313667.0,North America,144.0,7502.0,37.0
43.0,Bolivia,29423,+920,934.0,+21,7736.0,+398,20753.0,71.0,2521.0,80.0,68630.0,5881.0,11670618.0,South America,397.0,12495.0,170.0
44.0,Romania,26022,+325,1589.0,+10,18530.0,+349,5903.0,199.0,1353.0,83.0,687618.0,35742.0,19238321.0,Europe,739.0,12107.0,28.0
45.0,Ireland,25414,,1730.0,,23364.0,,320.0,12.0,5148.0,350.0,415028.0,84064.0,4937024.0,Europe,194.0,2854.0,12.0
46.0,Bahrain,24805,,78.0,+5,19137.0,,5590.0,45.0,14591.0,46.0,521101.0,306529.0,1700005.0,Asia,69.0,21795.0,3.0
47.0,Armenia,23909,+662,421.0,+11,12911.0,+762,10577.0,10.0,8069.0,142.0,107108.0,36146.0,2963193.0,Asia,124.0,7038.0,28.0
48.0,Nigeria,23298,,554.0,,8253.0,,14491.0,7.0,113.0,3.0,125090.0,607.0,206032229.0,Africa,8843.0,371899.0,1647.0
49.0,Israel,22800,,314.0,,16872.0,,5614.0,46.0,2479.0,34.0,920460.0,100076.0,9197590.0,Asia,403.0,29292.0,10.0
50.0,Kazakhstan,20319,+569,150.0,,12589.0,+41,7580.0,121.0,1082.0,8.0,1467556.0,78172.0,18773513.0,Asia,924.0,125157.0,13.0
51.0,Japan,18197,,969.0,,16392.0,,836.0,51.0,144.0,8.0,440739.0,3485.0,126479040.0,Asia,6951.0,130525.0,287.0
52.0,Austria,17580,+58,700.0,+2,16371.0,+23,509.0,10.0,1952.0,78.0,597495.0,66345.0,9005832.0,Europe,512.0,12865.0,15.0
53.0,Moldova,16080,+304,521.0,+6,8963.0,+198,6596.0,455.0,3986.0,129.0,63328.0,15698.0,4034029.0,Europe,251.0,7743.0,64.0
54.0,Honduras,15994,+628,471.0,+45,1678.0,+78,13845.0,13.0,1615.0,48.0,21540.0,2175.0,9902043.0,North America,619.0,21023.0,460.0
55.0,Azerbaijan,15890,+521,193.0,+6,8719.0,+355,6978.0,66.0,1567.0,19.0,461861.0,45557.0,10138016.0,Asia,638.0,52529.0,22.0
56.0,Ghana,15834,,103.0,,11755.0,,3976.0,6.0,510.0,3.0,286453.0,9222.0,31060677.0,Africa,1962.0,301560.0,108.0
57.0,Guatemala,15828,+209,672.0,+49,3028.0,+79,12128.0,5.0,884.0,38.0,31427.0,1755.0,17909722.0,North America,1132.0,26651.0,570.0
58.0,Serbia,13792,+227,267.0,+2,12338.0,+106,1187.0,32.0,1578.0,31.0,380808.0,43583.0,8737589.0,Europe,634.0,32725.0,23.0
59.0,Algeria,12685,,885.0,,9066.0,,2734.0,48.0,289.0,20.0,,,43837260.0,Africa,3456.0,49534.0,
60.0,Denmark,12675,,604.0,,11508.0,,563.0,11.0,2188.0,104.0,998736.0,172434.0,5792000.0,Europe,457.0,9589.0,6.0
61.0,S. Korea,12653,+51,282.0,,11317.0,+145,1054.0,15.0,247.0,6.0,1243780.0,24260.0,51268806.0,Asia,4052.0,181804.0,41.0
62.0,Cameroon,12592,,313.0,,10100.0,,2179.0,52.0,475.0,12.0,,,26531939.0,Africa,2107.0,84767.0,
63.0,Nepal,12309,+554,28.0,+1,2834.0,+136,9447.0,,423.0,1.0,504910.0,17334.0,29127705.0,Asia,2366.0,1040275.0,58.0
64.0,Morocco,11854,+221,218.0,,8700.0,+44,2936.0,7.0,321.0,6.0,627379.0,17000.0,36904364.0,Africa,3113.0,169286.0,59.0
65.0,Czechia,11044,+6,349.0,,7669.0,+1,3026.0,11.0,1031.0,33.0,541212.0,50539.0,10708800.0,Europe,970.0,30684.0,20.0
66.0,Sudan,9257,,572.0,,4014.0,,4671.0,,211.0,13.0,401.0,9.0,43828543.0,Africa,4735.0,76623.0,109298.0
67.0,Norway,8845,+13,249.0,,8138.0,,458.0,4.0,1632.0,46.0,313162.0,57771.0,5420728.0,Europe,613.0,21770.0,17.0
68.0,Ivory Coast,8739,,64.0,,3587.0,,5088.0,,331.0,2.0,50914.0,1931.0,26364556.0,Africa,3017.0,411946.0,518.0
69.0,Malaysia,8616,+10,121.0,,8308.0,+14,187.0,2.0,266.0,4.0,739458.0,22851.0,32359920.0,Asia,3756.0,267437.0,44.0
70.0,Australia,7641,+46,104.0,,6979.0,+21,558.0,1.0,300.0,4.0,2333296.0,91517.0,25495732.0,Australia/Oceania,3337.0,245151.0,11.0
71.0,Uzbekistan,7490,+63,20.0,,5038.0,,2432.0,28.0,224.0,0.6,1121236.0,33508.0,33461668.0,Asia,4468.0,1673083.0,30.0
72.0,Finland,7198,+7,328.0,,6600.0,,270.0,1.0,1299.0,59.0,237500.0,42865.0,5540643.0,Europe,770.0,16892.0,23.0
73.0,DRC,6690,+138,153.0,+4,937.0,+37,5600.0,,75.0,2.0,,,89495791.0,Africa,13378.0,584940.0,
74.0,Senegal,6459,+105,102.0,+4,4255.0,+62,2102.0,26.0,386.0,6.0,76303.0,4560.0,16734279.0,Africa,2591.0,164062.0,219.0
75.0,North Macedonia,5906,+148,277.0,+9,2236.0,+30,3393.0,55.0,2835.0,133.0,57895.0,27789.0,2083375.0,Europe,353.0,7521.0,36.0
76.0,Kenya,5811,+278,141.0,+4,1936.0,+31,3734.0,18.0,108.0,3.0,162478.0,3023.0,53748171.0,Africa,9249.0,381193.0,331.0
77.0,Tajikistan,5799,+52,52.0,,4391.0,+60,1356.0,,608.0,5.0,,,9533413.0,Asia,1644.0,183335.0,
78.0,El Salvador,5727,+210,143.0,+10,3447.0,+156,2137.0,172.0,883.0,22.0,155301.0,23945.0,6485855.0,North America,1133.0,45356.0,42.0
79.0,Haiti,5722,+179,98.0,+2,641.0,+129,4983.0,,502.0,9.0,11332.0,994.0,11400535.0,North America,1992.0,116332.0,1006.0
80.0,Ethiopia,5570,+145,94.0,+5,2015.0,+327,3461.0,34.0,48.0,0.8,243016.0,2115.0,114903773.0,Africa,20629.0,1222381.0,473.0
81.0,Guinea,5260,,29.0,,4155.0,,1076.0,24.0,401.0,2.0,14407.0,1098.0,13124855.0,Africa,2495.0,452581.0,911.0
82.0,Gabon,5209,,40.0,,2327.0,,2842.0,10.0,2341.0,18.0,34774.0,15631.0,2224664.0,Africa,427.0,55617.0,64.0
83.0,Venezuela,4779,,41.0,,1327.0,,3411.0,9.0,168.0,1.0,1190307.0,41858.0,28436486.0,South America,5950.0,693573.0,24.0
84.0,Djibouti,4643,,52.0,,4348.0,,243.0,,4700.0,53.0,45998.0,46567.0,987776.0,Africa,213.0,18996.0,21.0
85.0,Bulgaria,4513,,215.0,,2457.0,,1841.0,18.0,649.0,31.0,131043.0,18859.0,6948680.0,Europe,1540.0,32319.0,53.0
86.0,Kyrgyzstan,4513,+309,46.0,+3,2212.0,+50,2255.0,30.0,692.0,7.0,199853.0,30641.0,6522410.0,Asia,1445.0,141792.0,33.0
87.0,Luxembourg,4173,,110.0,,3968.0,,95.0,1.0,6668.0,176.0,168786.0,269708.0,625810.0,Europe,150.0,5689.0,4.0
88.0,Hungary,4138,+11,578.0,,2681.0,+18,879.0,11.0,428.0,60.0,270263.0,27976.0,9660521.0,Europe,2335.0,16714.0,36.0
89.0,Bosnia and Herzegovina,3935,,178.0,,2338.0,,1419.0,4.0,1199.0,54.0,88548.0,26989.0,3280924.0,Europe,834.0,18432.0,37.0
90.0,Mauritania,3907,,120.0,,1280.0,,2507.0,21.0,841.0,26.0,13842.0,2979.0,4646990.0,Africa,1189.0,38725.0,336.0
91.0,Greece,3343,,191.0,,1374.0,,1778.0,11.0,321.0,18.0,295851.0,28383.0,10423348.0,Europe,3118.0,54573.0,35.0
92.0,CAR,3340,,40.0,,661.0,,2639.0,2.0,692.0,8.0,22884.0,4740.0,4828335.0,Africa,1446.0,120708.0,211.0
93.0,French Guiana,3270,,11.0,,1166.0,,2093.0,21.0,10954.0,37.0,8061.0,27004.0,298515.0,South America,91.0,27138.0,37.0
94.0,Thailand,3162,,58.0,,3053.0,+13,51.0,1.0,45.0,0.8,468175.0,6708.0,69798329.0,Asia,22074.0,1203419.0,149.0
95.0,Somalia,2878,,90.0,,868.0,,1920.0,2.0,181.0,6.0,,,15883150.0,Africa,5519.0,176479.0,
96.0,Costa Rica,2836,,12.0,,1280.0,,1544.0,6.0,557.0,2.0,38500.0,7559.0,5093524.0,North America,1796.0,424460.0,132.0
97.0,Croatia,2624,+85,107.0,,2152.0,+2,365.0,,639.0,26.0,75437.0,18375.0,4105397.0,Europe,1565.0,38368.0,54.0
98.0,Mayotte,2508,,32.0,,2218.0,,258.0,8.0,9198.0,117.0,8800.0,32272.0,272679.0,Africa,109.0,8521.0,31.0
99.0,Cuba,2330,+5,86.0,+1,2187.0,+7,57.0,1.0,206.0,8.0,159571.0,14088.0,11326670.0,North America,4861.0,131705.0,71.0
100.0,Albania,2330,+61,53.0,+2,1346.0,+48,931.0,12.0,810.0,18.0,22538.0,7832.0,2877821.0,Europe,1235.0,54299.0,128.0
101.0,Maldives,2283,,8.0,,1863.0,,412.0,9.0,4225.0,15.0,46891.0,86774.0,540381.0,Asia,237.0,67548.0,12.0
102.0,Nicaragua,2170,,74.0,,1238.0,,858.0,,328.0,11.0,,,6623436.0,North America,3052.0,89506.0,
103.0,Mali,2060,,113.0,,1387.0,,560.0,,102.0,6.0,12807.0,633.0,20237294.0,Africa,9824.0,179091.0,1580.0
104.0,Sri Lanka,2033,+19,11.0,,1639.0,+20,383.0,1.0,95.0,0.5,101226.0,4727.0,21412328.0,Asia,10532.0,1946575.0,212.0
105.0,Madagascar,2005,+83,16.0,,907.0,+45,1082.0,21.0,72.0,0.6,20066.0,725.0,27675702.0,Africa,13803.0,1729731.0,1379.0
106.0,Equatorial Guinea,2001,,32.0,,515.0,,1454.0,,1427.0,23.0,16000.0,11414.0,1401811.0,Africa,701.0,43807.0,88.0
107.0,Estonia,1986,,69.0,,1812.0,+15,105.0,,1497.0,52.0,105310.0,79388.0,1326527.0,Europe,668.0,19225.0,13.0
108.0,South Sudan,1942,,36.0,,224.0,,1682.0,1.0,174.0,3.0,10226.0,914.0,11191875.0,Africa,5763.0,310885.0,1094.0
109.0,Iceland,1836,+4,10.0,,1814.0,+1,12.0,,5381.0,29.0,74424.0,218113.0,341218.0,Europe,186.0,34122.0,5.0
110.0,Lithuania,1813,+5,78.0,,1503.0,+2,232.0,16.0,666.0,29.0,414792.0,152366.0,2722344.0,Europe,1502.0,34902.0,7.0
111.0,Lebanon,1719,+22,33.0,,1144.0,,542.0,6.0,252.0,5.0,127693.0,18708.0,6825627.0,Asia,3971.0,206837.0,53.0
112.0,Paraguay,1711,,13.0,,1013.0,,685.0,2.0,240.0,2.0,63974.0,8971.0,7131278.0,South America,4168.0,548560.0,111.0
113.0,Slovakia,1657,+14,28.0,,1455.0,,174.0,,304.0,5.0,207973.0,38093.0,5459620.0,Europe,3295.0,194986.0,26.0
114.0,Palestine,1624,+67,3.0,,446.0,,1175.0,,318.0,0.6,84621.0,16596.0,5099021.0,Asia,3140.0,1699674.0,60.0
115.0,Guinea-Bissau,1614,,22.0,,191.0,,1401.0,5.0,821.0,11.0,1500.0,763.0,1967053.0,Africa,1219.0,89412.0,1311.0
116.0,Slovenia,1572,+14,109.0,,1376.0,,87.0,2.0,756.0,52.0,99688.0,47951.0,2078936.0,Europe,1322.0,19073.0,21.0
117.0,Zambia,1531,,21.0,,1233.0,,277.0,1.0,83.0,1.0,52195.0,2841.0,18372230.0,Africa,12000.0,874868.0,352.0
118.0,New Zealand,1522,+2,22.0,,1484.0,,16.0,,304.0,4.0,387435.0,77454.0,5002100.0,Australia/Oceania,3287.0,227368.0,13.0
119.0,Sierra Leone,1394,,59.0,,914.0,,421.0,,175.0,7.0,,,7973963.0,Africa,5720.0,135152.0,
120.0,Hong Kong,1198,+1,7.0,,1095.0,+4,96.0,1.0,160.0,0.9,321498.0,42888.0,7496236.0,Asia,6257.0,1070891.0,23.0
121.0,Tunisia,1164,,50.0,,1023.0,,91.0,,99.0,4.0,68542.0,5800.0,11816956.0,Africa,10152.0,236339.0,172.0
122.0,Latvia,1115,+3,30.0,,932.0,,153.0,1.0,591.0,16.0,146874.0,77865.0,1886257.0,Europe,1692.0,62875.0,13.0
123.0,Jordan,1104,,9.0,,830.0,,265.0,3.0,108.0,0.9,362326.0,35516.0,10201800.0,Asia,9241.0,1133533.0,28.0
124.0,Yemen,1089,,293.0,,402.0,,394.0,,37.0,10.0,120.0,4.0,29813140.0,Asia,27377.0,101751.0,248443.0
125.0,Congo,1087,,37.0,,456.0,,594.0,,197.0,7.0,,,5515246.0,Africa,5074.0,149061.0,
126.0,Niger,1062,+3,67.0,,924.0,+5,71.0,,44.0,3.0,6449.0,267.0,24182675.0,Africa,22771.0,360935.0,3750.0
127.0,Benin,1053,,14.0,,292.0,,747.0,2.0,87.0,1.0,55478.0,4579.0,12116284.0,Africa,11506.0,865449.0,218.0
128.0,Cabo Verde,1027,,10.0,,568.0,,449.0,,1847.0,18.0,1560.0,2806.0,555905.0,Africa,541.0,55591.0,356.0
129.0,Malawi,1005,,13.0,,260.0,,732.0,4.0,53.0,0.7,12578.0,658.0,19119281.0,Africa,19024.0,1470714.0,1520.0
130.0,Cyprus,992,,19.0,,824.0,,149.0,,822.0,16.0,151975.0,125885.0,1207255.0,Asia,1217.0,63540.0,8.0
131.0,Burkina Faso,941,,53.0,,830.0,,58.0,,45.0,3.0,,,20890404.0,Africa,22200.0,394159.0,
132.0,Georgia,921,+2,14.0,,781.0,+1,126.0,5.0,231.0,4.0,101753.0,25507.0,3989222.0,Asia,4331.0,284944.0,39.0
133.0,Uruguay,919,,26.0,,818.0,,75.0,2.0,265.0,7.0,62765.0,18069.0,3473611.0,South America,3780.0,133600.0,55.0
134.0,Chad,865,,74.0,,778.0,,13.0,,53.0,5.0,,,16414951.0,Africa,18977.0,221824.0,
135.0,Rwanda,858,,2.0,,398.0,,458.0,,66.0,0.2,130047.0,10046.0,12945471.0,Africa,15088.0,6472736.0,100.0
136.0,Andorra,855,,52.0,,799.0,,4.0,,11066.0,673.0,3750.0,48535.0,77264.0,Europe,90.0,1486.0,21.0
137.0,Uganda,848,+15,,,761.0,,87.0,,19.0,,170789.0,3737.0,45705250.0,Africa,53898.0,,268.0
138.0,Mozambique,816,,5.0,,223.0,,588.0,,26.0,0.2,27123.0,868.0,31235488.0,Africa,38279.0,6247098.0,1152.0
139.0,Eswatini,728,,8.0,,367.0,,353.0,5.0,628.0,7.0,6551.0,5647.0,1160003.0,Africa,1593.0,145000.0,177.0
140.0,Libya,713,,18.0,,142.0,,553.0,,104.0,3.0,23075.0,3359.0,6869884.0,Africa,9635.0,381660.0,298.0
141.0,Diamond Princess,712,,13.0,,651.0,,48.0,4.0,,,,,,,,,
142.0,Sao Tome and Principe,712,,13.0,,219.0,,480.0,,3250.0,59.0,1763.0,8047.0,219087.0,Africa,308.0,16853.0,124.0
143.0,San Marino,698,,42.0,,656.0,,0.0,,20572.0,1238.0,5669.0,167079.0,33930.0,Europe,49.0,808.0,6.0
144.0,Jamaica,686,+2,10.0,,539.0,+13,137.0,,232.0,3.0,23331.0,7879.0,2961033.0,North America,4316.0,296103.0,127.0
145.0,Liberia,684,,34.0,,285.0,,365.0,,135.0,7.0,,,5055266.0,Africa,7391.0,148684.0,
146.0,Malta,670,,9.0,,635.0,+3,26.0,,1517.0,20.0,92517.0,209536.0,441532.0,Europe,659.0,49059.0,5.0
147.0,Togo,591,,14.0,,395.0,,182.0,2.0,71.0,2.0,29347.0,3547.0,8274788.0,Africa,14001.0,591056.0,282.0
148.0,Channel Islands,571,,47.0,,512.0,,12.0,,3285.0,270.0,10255.0,58990.0,173842.0,Europe,304.0,3699.0,17.0
149.0,Zimbabwe,561,,6.0,,135.0,,420.0,,38.0,0.4,65704.0,4422.0,14859556.0,Africa,26488.0,2476593.0,226.0
150.0,Réunion,520,+3,2.0,,472.0,+12,46.0,3.0,581.0,2.0,17200.0,19213.0,895237.0,Africa,1722.0,447619.0,52.0
151.0,Tanzania,509,,21.0,,183.0,,305.0,7.0,9.0,0.4,,,59695024.0,Africa,117279.0,2842620.0,
152.0,Taiwan,447,,7.0,,435.0,,5.0,,19.0,0.3,76209.0,3200.0,23816384.0,Asia,53281.0,3402341.0,313.0
153.0,Montenegro,439,,9.0,,315.0,,115.0,,699.0,14.0,13186.0,20995.0,628065.0,Europe,1431.0,69785.0,48.0
154.0,Suriname,391,+2,10.0,,181.0,,200.0,8.0,667.0,17.0,1165.0,1986.0,586565.0,South America,1500.0,58657.0,503.0
155.0,Vietnam,355,+2,,,330.0,,25.0,1.0,4.0,,275000.0,2826.0,97327460.0,Asia,274162.0,,354.0
156.0,Mauritius,341,,10.0,,326.0,,5.0,,268.0,8.0,171792.0,135083.0,1271749.0,Africa,3729.0,127175.0,7.0
157.0,Isle of Man,336,,24.0,,312.0,,0.0,,3952.0,282.0,6158.0,72423.0,85028.0,Europe,253.0,3543.0,14.0
158.0,Myanmar,293,,6.0,,216.0,+1,71.0,,5.0,0.1,68404.0,1257.0,54405596.0,Asia,185685.0,9067599.0,795.0
159.0,Comoros,272,,7.0,,161.0,,104.0,,313.0,8.0,,,869247.0,Africa,3196.0,124178.0,
160.0,Syria,256,+1,9.0,+1,102.0,,145.0,,15.0,0.5,,,17491838.0,Asia,68327.0,1943538.0,
161.0,Martinique,242,,14.0,,98.0,,130.0,,645.0,37.0,,,375267.0,North America,1551.0,26805.0,
162.0,Guyana,230,+15,12.0,,109.0,+1,109.0,1.0,292.0,15.0,2423.0,3081.0,786512.0,South America,3420.0,65543.0,325.0
163.0,Mongolia,219,,,,175.0,+5,44.0,9.0,67.0,,21651.0,6606.0,3277425.0,Asia,14965.0,,151.0
164.0,Angola,212,,10.0,,81.0,,121.0,1.0,6.0,0.3,10000.0,304.0,32841235.0,Africa,154911.0,3284124.0,3284.0
165.0,Cayman Islands,196,,1.0,,186.0,,9.0,,2983.0,15.0,22657.0,344798.0,65711.0,North America,335.0,65711.0,3.0
166.0,Faeroe Islands,187,,,,187.0,,0.0,,3827.0,,12750.0,260944.0,48861.0,Europe,261.0,,4.0
167.0,Guadeloupe,182,,14.0,,157.0,,11.0,2.0,455.0,35.0,8239.0,20591.0,400123.0,North America,2198.0,28580.0,49.0
168.0,Gibraltar,177,+1,,,176.0,,1.0,,5254.0,,12446.0,369416.0,33691.0,Europe,190.0,,3.0
169.0,Eritrea,167,,,,53.0,,114.0,,47.0,,,,3545675.0,Africa,21232.0,,
170.0,Bermuda,146,,9.0,,133.0,,4.0,1.0,2344.0,145.0,10634.0,170748.0,62279.0,North America,427.0,6920.0,6.0
171.0,Burundi,144,,1.0,,93.0,,50.0,,12.0,0.08,382.0,32.0,11882372.0,Africa,82516.0,11882372.0,31106.0
172.0,Brunei,141,,3.0,,138.0,,0.0,,322.0,7.0,28707.0,65627.0,437425.0,Asia,3102.0,145808.0,15.0
173.0,Cambodia,139,+9,,,129.0,+1,10.0,1.0,8.0,,34316.0,2053.0,16715449.0,Asia,120255.0,,487.0
174.0,Trinidad and Tobago,124,,8.0,,109.0,,7.0,,89.0,6.0,4861.0,3474.0,1399444.0,North America,11286.0,174931.0,288.0
175.0,Namibia,121,,,,22.0,,99.0,1.0,48.0,,8180.0,3220.0,2540103.0,Africa,20993.0,,311.0
176.0,Bahamas,104,,11.0,,84.0,,9.0,1.0,264.0,28.0,2366.0,6017.0,393195.0,North America,3781.0,35745.0,166.0
177.0,Monaco,102,,4.0,,95.0,,3.0,,2599.0,102.0,16200.0,412855.0,39239.0,Europe,385.0,9810.0,2.0
178.0,Aruba,101,,3.0,,98.0,,0.0,,946.0,28.0,2333.0,21853.0,106761.0,North America,1057.0,35587.0,46.0
179.0,Barbados,97,,7.0,,90.0,,0.0,1.0,338.0,24.0,7675.0,26708.0,287372.0,North America,2963.0,41053.0,37.0
180.0,Botswana,92,,1.0,,25.0,,66.0,1.0,39.0,0.4,36868.0,15684.0,2350747.0,Africa,25552.0,2350747.0,64.0
181.0,Liechtenstein,82,,1.0,,81.0,,0.0,,2151.0,26.0,900.0,23605.0,38127.0,Europe,465.0,38127.0,42.0
182.0,Sint Maarten,77,,15.0,,62.0,,0.0,,1796.0,350.0,477.0,11127.0,42869.0,North America,557.0,2858.0,90.0
183.0,Bhutan,75,+5,,,38.0,,37.0,,97.0,,23988.0,31093.0,771491.0,Asia,10287.0,,32.0
184.0,Antigua and Barbuda,65,,3.0,,22.0,,40.0,1.0,664.0,31.0,680.0,6945.0,97919.0,North America,1506.0,32640.0,144.0
185.0,French Polynesia,60,,,,60.0,,0.0,,214.0,,4649.0,16551.0,280890.0,Australia/Oceania,4682.0,,60.0
186.0,Macao,46,,,,45.0,,1.0,,71.0,,,,649201.0,Asia,14113.0,,
187.0,Gambia,44,+1,2.0,,26.0,,16.0,,18.0,0.8,2035.0,843.0,2415119.0,Africa,54889.0,1207560.0,1187.0
188.0,Saint Martin,42,,3.0,,36.0,,3.0,1.0,1087.0,78.0,685.0,17721.0,38655.0,North America,920.0,12885.0,56.0
189.0,St. Vincent Grenadines,29,,,,29.0,,0.0,,261.0,,784.0,7067.0,110937.0,North America,3825.0,,142.0
190.0,Belize,24,+1,2.0,,18.0,+1,4.0,,60.0,5.0,2188.0,5504.0,397502.0,North America,16563.0,198751.0,182.0
191.0,Lesotho,24,,,,4.0,,20.0,,11.0,,3000.0,1401.0,2142043.0,Africa,89252.0,,714.0
192.0,Timor-Leste,24,,,,24.0,,0.0,,18.0,,1568.0,1190.0,1317995.0,Asia,54916.0,,841.0
193.0,Curaçao,23,,1.0,,19.0,,3.0,,140.0,6.0,1080.0,6582.0,164086.0,North America,7134.0,164086.0,152.0
194.0,Grenada,23,,,,23.0,,0.0,,204.0,,4130.0,36705.0,112518.0,North America,4892.0,,27.0
195.0,New Caledonia,21,,,,21.0,,0.0,,74.0,,8260.0,28936.0,285462.0,Australia/Oceania,13593.0,,35.0
196.0,Laos,19,,,,19.0,,0.0,,3.0,,14304.0,1966.0,7273919.0,Asia,382838.0,,509.0
197.0,Saint Lucia,19,,,,19.0,,0.0,,103.0,,1619.0,8817.0,183618.0,North America,9664.0,,113.0
198.0,Dominica,18,,,,18.0,,0.0,,250.0,,623.0,8655.0,71984.0,North America,3999.0,,116.0
199.0,Fiji,18,,,,18.0,,0.0,,20.0,,4000.0,4462.0,896368.0,Australia/Oceania,49798.0,,224.0
200.0,Turks and Caicos,16,,1.0,,11.0,,4.0,,413.0,26.0,562.0,14519.0,38709.0,North America,2419.0,38709.0,69.0
201.0,Saint Kitts and Nevis,15,,,,15.0,,0.0,,282.0,,447.0,8403.0,53195.0,North America,3546.0,,119.0
202.0,Falkland Islands,13,,,,13.0,,0.0,,3738.0,,1027.0,295285.0,3478.0,South America,268.0,,3.0
203.0,Greenland,13,,,,13.0,,0.0,,229.0,,3341.0,58853.0,56769.0,North America,4367.0,,17.0
204.0,Vatican City,12,,,,12.0,,0.0,,14981.0,,,,801.0,Europe,67.0,,
205.0,Montserrat,11,,1.0,,10.0,,0.0,,2204.0,200.0,61.0,12220.0,4992.0,North America,454.0,4992.0,82.0
206.0,Papua New Guinea,11,,,,8.0,,3.0,,1.0,,5637.0,630.0,8943994.0,Australia/Oceania,813090.0,,1587.0
207.0,Seychelles,11,,,,11.0,,0.0,,112.0,,,,98340.0,Africa,8940.0,,
208.0,Western Sahara,10,,1.0,,8.0,,1.0,,17.0,2.0,,,597032.0,Africa,59703.0,597032.0,
209.0,MS Zaandam,9,,2.0,,,,7.0,,,,,,,,,,
210.0,British Virgin Islands,8,,1.0,,7.0,,0.0,,265.0,33.0,212.0,7013.0,30229.0,North America,3779.0,30229.0,143.0
211.0,Caribbean Netherlands,7,,,,7.0,,0.0,,267.0,,424.0,16171.0,26220.0,North America,3746.0,,62.0
212.0,St. Barth,6,,,,6.0,,0.0,,607.0,,152.0,15389.0,9877.0,North America,1646.0,,65.0
213.0,Anguilla,3,,,,3.0,,0.0,,200.0,,180.0,11999.0,15001.0,North America,5000.0,,83.0
214.0,Saint Pierre Miquelon,1,,,,1.0,,0.0,,173.0,,,,5794.0,North America,5794.0,,
215.0,China,83483,+21,4634.0,,78444.0,+5,405.0,8.0,58.0,3.0,90410000.0,62814.0,1439323776.0,Asia,17241.0,310601.0,16.0
,Total:,2979501,"+9,480",164931.0,+883,1302470.0,"+4,703",1512100.0,18778.0,,,,,,North America,,,
,Total:,2050436,"+1,218",79584.0,+41,1173699.0,"+1,126",797153.0,12770.0,,,,,,South America,,,
,Total:,2399981,"+11,287",190453.0,+362,1340274.0,"+13,541",869254.0,6065.0,,,,,,Europe,,,
,Total:,2150633,"+32,581",53606.0,+667,1393467.0,"+21,952",703560.0,19202.0,,,,,,Asia,,,
,Total:,363608,+992,9334.0,+17,176215.0,+563,178059.0,899.0,,,,,,Africa,,,
,Total:,9273,+48,126.0,,8570.0,,577.0,1.0,,,,,,Australia/Oceania,,,
,Total:,721,,15.0,,651.0,,55.0,4.0,,,,,,,,,
,Total:,9954153,"+55,606",498049.0,"+1,970",5395346.0,"+41,906",4060758.0,57719.0,1277.0,63.9,,,,All,,,
